address;source_location;insn;indent
0x40269c;:0;LDP	W1, W4, [X7];
0x4026a0;:0;LDR	W5, [X7, #1588];
0x4026a4;:0;AND	W3, W4, #0;
0x4026a8;:0;AND	W1, W1, #1;
0x4026ac;:0;AND	W4, W4, #1920;
0x4026b0;:0;ORR	W1, W1, W4;
0x4026b4;:0;MADD	W3, W3, W6, WZR;
0x4026b8;:0;EOR	W3, W3, W5;
0x4026bc;:0;EOR	W1, W3, W1,LSR #1;
0x4026c0;:0;STR	W1, [X7], #4;
0x4026c4;:0;CMP	X8, X7;
0x4026c8;:0;B.NE	40269c <_ZN5boost6random23mersenne_twister_engineIjLm32ELm624ELm397ELm31ELj2567483615ELm11ELj4294967295ELm7ELj2636928640ELm15ELj4022730752ELm18ELj1812433253EE5twistEv+0x5c>;
